#{"t_start": 1747857828.8649297, "env_id": "LunarLander-v2"}
r,l,t
-225.927943,83,0.028543
-256.755386,95,0.042778
-314.661178,73,0.417762
-138.866873,56,0.853159
-123.533813,103,1.697392
3.220092,114,2.609495
-346.322119,126,3.630075
-213.862408,76,4.267119
-295.648494,79,4.967213
-80.101865,63,5.521864
-132.574572,82,6.322578
-349.822824,128,7.778753
-271.891113,77,8.681088
-185.712241,94,9.783093
-119.790947,114,11.106443
-279.275833,100,12.288125
-235.753187,102,13.45925
-84.927486,75,14.334209
-112.079109,105,15.554807
-498.957898,90,16.595802
-11.318087,93,17.684748
-171.465571,68,18.470396
-96.547106,66,19.222509
-141.944925,92,20.146909
-146.135711,73,21.028802
-112.119271,94,22.061097
-96.736631,73,22.805337
-127.738511,87,23.661611
-111.265385,74,24.384971
-169.373927,119,25.514523
-126.839474,112,26.548582
-248.641033,99,27.513517
-117.005145,68,28.153461
-307.19213,100,29.090184
-284.142408,75,29.794647
-268.080314,90,30.641236
-149.304463,91,31.49977
-223.030754,124,32.7139
-249.099494,101,33.713921
-109.473777,103,34.68372
-100.074859,76,35.399535
-104.541647,97,36.302241
-139.745898,68,36.964648
-98.88455,79,37.756002
-342.84001,90,38.623783
-290.858431,78,39.363827
-125.670346,93,40.2706
-364.398397,134,41.5965
-104.702412,88,42.463662
-104.50052,99,43.409851
-65.841449,67,44.045951
-386.42518,107,45.07719
-352.463388,102,46.10601
-164.623268,109,47.151404
-114.222695,98,48.06734
-200.730266,77,48.794876
-38.72852,120,49.954784
-139.515103,131,51.235948
-411.477552,102,52.216239
-179.258348,73,52.906474
-251.620178,93,53.782848
-118.739536,109,54.816649
-281.016357,108,55.844466
-248.626904,92,56.742881
-297.551195,96,57.645029
-97.166008,90,58.495336
-98.270591,65,59.100075
-176.441807,112,60.160308
-113.626619,87,60.990296
-151.973612,90,61.865699
-68.43597,101,62.81134
-537.988407,118,63.913756
-408.892955,95,64.807414
-103.809359,94,65.688046
-138.412913,107,66.740641
-87.893588,109,67.761017
-353.746645,101,68.707944
-79.561108,66,69.32643
-37.027099,68,69.964154
-112.402161,82,70.731356
-244.809931,111,71.811418
-153.601589,82,72.580806
-134.790174,87,73.405655
-123.584703,53,73.910952
-283.543059,105,74.893389
-106.889256,91,75.747471
-325.064878,82,76.571262
-106.897964,71,77.241935
-137.695662,77,77.964626
-172.51698,76,78.672743
-82.92951,66,79.293041
-91.890442,99,80.21717
-47.847552,67,80.843969
-66.869912,106,81.874258
-113.420439,63,82.467683
-420.80556,96,83.365249
-109.931111,81,84.123812
-263.067596,110,85.146213
-300.014487,125,86.356567
-104.450015,77,87.073755
-166.333723,67,87.699556
-106.573476,74,88.385109
-164.877662,86,89.191163
-254.773151,81,89.940244
-138.596024,91,90.795686
-79.05825,55,91.341626
-263.631684,93,92.207354
-124.226293,110,93.245376
-289.010219,74,93.937618
-132.546302,91,94.777748
-47.675806,62,95.36683
37.352361,1000,104.828955
-149.53787,84,105.617722
-227.934251,115,106.703519
-217.356056,69,107.367252
-103.619756,90,108.216377
-87.185913,80,109.006441
-185.899706,126,110.238798
-128.052822,102,111.215931
-116.291014,64,111.816793
-85.635811,103,112.80152
-161.215619,63,113.447536
-126.844205,107,114.464345
-357.298136,114,115.53396
-225.921041,147,116.919741
-97.103746,74,117.646164
-475.209959,105,118.662186
112.24039,1000,128.253853
-346.382667,111,129.316007
-106.77243,101,130.29287
-65.391821,76,131.040464
-342.839744,95,131.947524
-283.253822,129,133.160595
-254.226116,103,134.131695
-275.761138,85,134.991804
-142.019771,85,135.803504
-127.915877,100,136.748574
-282.000899,80,137.498537
17.776765,79,138.261545
-136.469645,118,139.433451
-115.067132,93,140.313826
-287.549708,89,141.15131
-116.74551,61,141.722195
-269.61176,91,142.574235
-80.483534,95,143.515579
-105.91427,99,144.482285
-263.099964,138,145.812714
-81.532196,94,146.705312
-109.183265,93,147.613989
-187.39869,89,148.49393
-312.901104,152,149.941446
-125.31923,98,150.866271
-79.252851,110,151.930664
-141.611824,92,152.825853
-136.219703,86,153.657192
-98.871777,105,154.660728
-148.385929,133,155.916482
-124.236755,96,156.878868
-166.939975,91,157.747862
-74.716032,87,158.576164
-148.34506,60,159.15002
-78.639425,118,160.292086
-127.687333,96,161.23491
-100.42223,74,161.938385
-103.531594,86,162.760595
-66.527082,89,163.62937
-87.615431,111,164.720526
-91.901893,126,165.984895
-82.859569,67,166.621162
-123.530927,111,167.677065
-4.783246,165,169.295231
-304.415379,80,170.057288
-122.674079,72,170.743082
-227.37518,76,171.475839
-143.027632,109,172.527293
-140.842998,95,173.460524
-77.405432,92,174.325664
-84.833675,91,175.178184
-121.785614,94,176.062433
-108.663352,59,176.612289
-99.517972,69,177.257547
-110.743906,102,178.24068
-132.761341,58,178.785178
-93.535674,65,179.394307
-72.94445,149,180.792816
-98.062177,74,181.498824
-60.159859,84,182.294041
-193.945626,108,183.327818
-78.804007,109,184.36716
-126.888805,114,185.439228
-164.373036,111,186.482671
-173.922316,98,187.402498
-71.810573,148,188.827509
-113.469623,79,189.572315
-140.369905,111,190.620553
-86.005653,108,191.632919
-106.108143,91,192.502122
-77.475572,90,193.384017
-389.003767,81,194.14995
-199.190342,118,195.260323
-61.378051,108,196.27327
-117.317516,91,197.121693
-121.702276,58,197.675514
-323.199172,153,199.130982
-123.751987,121,200.26851
-207.37174,119,201.38128
-106.288173,95,202.270391
-235.426315,122,203.459795
-201.287728,95,204.348623
-83.360824,111,205.391105
-101.590648,98,206.310818
-123.487569,63,206.89831
-131.674128,105,207.92656
-198.929853,81,208.697526
-113.917347,96,209.609765
-96.081508,79,210.352225
-74.516007,108,211.363356
-63.54886,96,212.26611
-104.602631,100,213.237308
-115.511147,93,214.115775
-104.112445,64,214.71587
-144.643867,118,215.820556
-161.516688,100,216.757396
-184.10407,69,217.421737
-99.06379,86,218.248202
-60.370702,64,218.852848
-86.568149,60,219.416018
-104.263736,102,220.376464
-61.082975,80,221.138874
-55.033145,82,221.921412
-225.046795,82,222.721187
-96.950642,88,223.551369
-113.235228,83,224.327541
-168.226889,110,225.356271
-155.986254,95,226.242479
-232.477144,108,227.270132
-393.424586,76,228.029083
-86.666271,117,229.136948
-85.036772,106,230.151999
-125.036917,93,231.038552
-117.612331,108,232.092901
-197.418504,86,232.937798
-126.752687,118,234.062798
-61.027076,70,234.728202
-104.492632,78,235.476277
-100.386254,76,236.210676
-72.795804,59,236.769675
-127.102406,99,237.74048
-122.895043,67,238.383976
-82.580664,69,239.036671
-96.185051,67,239.676463
-120.66959,65,240.295482
-83.792699,117,241.404891
-125.744888,109,242.479132
-69.729161,79,243.23332
-100.058556,104,244.220788
-159.663832,64,244.828476
-63.189106,109,245.866073
-293.564424,112,246.947312
-180.79297,70,247.636499
-104.552758,88,248.472048
-82.905301,78,249.210433
-91.197409,113,250.28599
-160.692814,92,251.172243
-66.650847,78,251.945197
-82.325161,91,252.835969
-53.872851,61,253.410403
-99.006488,91,254.282114
-173.703454,138,255.599806
-94.380069,92,256.493886
-110.064134,85,257.346844
-98.536897,105,258.3426
-197.509613,132,259.598363
-85.844831,70,260.259038
-169.949306,96,261.167534
-103.09646,144,262.627012
-92.775446,126,263.81944
-85.902513,63,264.418085
-107.185167,115,265.50375
-252.064116,125,266.724204
-129.614943,102,267.711876
-148.905517,124,268.905332
-172.104429,75,269.62168
-89.050992,98,270.618595
-73.122339,77,271.35028
-113.731325,92,272.232667
-58.084405,65,272.855203
-145.447777,61,273.443252
-119.658733,105,274.478503
-120.038943,102,275.502508
-64.575474,71,276.179905
-122.734682,83,276.971539
-93.882742,90,277.854913
-127.753417,84,278.702858
-99.876003,80,279.505974
-96.040904,96,280.41688
-105.315457,134,281.68366
-122.791023,97,282.605902
-97.998532,80,283.40761
-96.277053,92,284.301246
-127.377309,94,285.192625
-132.97156,64,285.802245
-95.145111,84,286.593971
-165.294515,77,287.33035
-70.013974,71,288.029917
-74.605821,120,289.188128
-602.953262,134,290.477736
-118.780768,84,291.281007
-105.820729,92,292.163226
-121.137228,86,293.014945
-95.513451,101,293.989451
-181.236601,100,294.940718
-84.091222,117,296.056997
-76.217568,71,296.726851
-304.932517,106,297.746608
-91.182492,78,298.515332
-62.970427,65,299.138072
-127.739958,112,300.206004
-178.17897,107,301.226502
-109.952127,99,302.165707
-62.737192,117,303.327782
-111.512372,86,304.133002
-85.957558,96,305.042192
-74.352534,120,306.169328
-81.939538,118,307.286761
-95.361697,105,308.321061
-128.478833,95,309.21303
-206.986131,75,309.928769
-88.80833,72,310.611663
-96.395278,122,311.776227
-256.176275,105,312.801111
-89.227898,132,314.055624
-351.319999,141,315.3954
-119.807939,87,316.232125
-100.078633,114,317.326964
-129.055472,106,318.353993
-113.649634,69,319.00615
-87.166849,148,320.405314
-284.851708,155,321.863866
-193.789448,107,322.923033
-83.670336,68,323.574952
-95.189485,138,324.897638
-93.00765,122,326.061712
-118.197992,86,326.893602
-71.244241,109,327.973611
-90.568776,83,328.79116
-57.278878,100,329.758717
-74.13887,69,330.419496
-80.669442,69,331.078853
-104.634801,68,331.722606
-141.38876,96,332.677227
-81.446108,77,333.428067
-248.54276,129,334.662484
-57.209371,95,335.574489
-80.16734,58,336.134348
-197.800849,125,337.359198
-144.043068,92,338.242504
-106.068722,93,339.133539
-83.393051,96,340.04878
-210.014211,89,340.898518
-72.855514,73,341.603332
-70.611408,98,342.576072
-39.70868,119,343.710684
-152.886676,116,344.818596
-95.054299,71,345.49259
-62.823515,72,346.184529
-105.752887,113,347.30215
-90.134798,108,348.339556
-277.260197,129,349.573556
-54.419542,85,350.388273
-102.287472,122,351.570149
-117.896505,108,352.635773
-61.427595,86,353.457162
-70.201416,59,354.020904
-54.159906,69,354.67958
-107.541892,84,355.483161
-120.503468,91,356.35819
-128.700026,109,357.441855
-90.320206,79,358.194346
-193.154423,113,359.271832
-247.474366,125,360.473318
-53.278998,103,361.467431
-130.88943,95,362.394084
-224.367297,98,363.340468
-123.674331,122,364.511698
-360.263471,141,365.880565
-48.274606,102,366.896363
-126.632518,83,367.699444
-60.873106,96,368.622922
-19.335921,143,370.001826
-90.91777,76,370.738838
-139.351877,70,371.435757
-264.487112,135,372.807472
-120.125469,112,373.92326
-123.019964,86,374.78533
-147.078741,106,375.991586
-138.075644,90,377.002956
-177.40215,98,377.996428
-60.850945,104,379.034075
-98.187635,117,380.191621
-63.909488,96,381.200799
-120.412385,119,382.408383
-80.054156,65,383.072339
-129.08236,110,384.220155
-155.734874,117,385.575254
-99.246985,68,386.381841
-373.943517,127,387.947711
-91.326544,112,389.288158
-97.812466,147,391.060929
-305.726409,99,392.266846
-68.725017,80,393.234338
-120.611712,98,394.408242
-143.394905,99,395.587847
-144.320168,105,396.656319
-102.639767,115,397.832043
-68.091685,86,398.701038
-58.107655,79,399.49078
-82.628297,91,400.397011
-66.576387,125,401.803508
-80.447015,88,402.740089
-79.282225,79,403.532016
-66.01734,127,404.781679
-172.431612,104,405.807509
-52.952155,87,406.665377
-54.204236,122,407.886268
-146.954836,117,409.03954
-242.032427,128,410.295931
-76.144889,117,411.450271
-115.477477,81,412.260974
-106.852471,143,413.686206
-69.192823,96,414.647942
-116.450459,138,416.00739
-189.815043,112,417.136503
-112.174621,80,417.934136
-98.909729,95,418.87178
-140.090269,69,419.553425
-207.444116,96,420.509479
-76.452921,79,421.318585
-101.77432,77,422.141645
-44.060311,72,422.899673
-110.883679,63,423.549393
-119.502182,101,424.590475
-99.481324,101,425.616852
-96.552159,124,426.892869
-86.156266,87,427.789737
-71.32224,70,428.492733
-109.339819,144,429.950949
-46.121545,72,430.681494
-71.196395,98,431.681173
-60.807661,115,432.884705
-122.297413,92,433.811378
-107.539666,87,434.692977
-99.398202,71,435.411614
-72.485309,124,436.67644
-101.467983,79,437.504266
-267.16995,89,438.407881
-198.288459,100,439.426026
-92.578913,113,440.570564
-88.706495,107,441.66947
-63.634271,68,442.377474
-264.743117,115,443.537469
-77.016326,81,444.361142
-270.550525,90,445.27191
-86.696088,71,445.989997
-53.978739,117,447.227493
-58.935725,70,447.934932
-33.286354,145,449.414674
-124.477643,101,450.442491
-135.923055,73,451.187762
-19.813593,99,452.220693
-102.61784,102,453.263211
-289.446527,75,454.028901
13.193436,97,455.007159
-167.878682,145,456.507101
-207.518916,126,457.785782
-81.346251,74,458.533149
-104.062998,102,459.573642
-81.053916,86,460.452382
-91.805494,81,461.294682
-110.922225,94,462.256838
-152.447227,119,463.469359
-53.825654,110,464.576045
-96.513909,59,465.171955
-105.261237,105,466.255165
-136.390666,86,467.133978
-24.371043,147,468.611521
-328.668071,142,470.057422
-125.004834,76,470.838024
-66.130762,176,472.645155
-252.58669,119,473.846036
-232.562119,111,474.967334
-58.8282,75,475.740314
-87.074769,101,476.810421
-68.841703,132,478.144165
-78.788607,97,479.126825
-151.115292,124,480.369075
-64.226291,93,481.350537
-68.875207,121,482.568905
-87.440683,75,483.331189
-75.532194,116,484.503719
-43.913137,95,485.473138
-102.267865,119,486.708761
-119.175409,76,487.479357
-22.503175,89,488.39164
-48.514196,88,489.283479
-149.873459,67,489.958033
-176.695139,74,490.734073
-300.964636,119,491.950069
-81.179234,141,493.397277
-52.073003,87,494.289552
-79.340623,122,495.550261
-61.420127,96,496.549267
-84.012534,132,497.890145
-157.894953,134,499.259421
-77.47666,66,499.924472
-163.732029,111,501.090557
-59.733396,134,502.477457
-90.148799,94,503.434218
-77.373507,65,504.097178
-78.105848,80,504.924185
-133.801263,121,506.181202
-55.934587,82,507.016363
-72.746689,91,507.962583
-22.994127,136,509.35437
-90.600555,163,511.061531
-104.067425,81,511.885307
-111.906367,106,512.961952
-215.138447,113,514.11754
-117.386373,73,514.874579
-41.855709,129,516.238546
-109.283267,90,517.165194
-88.815371,123,518.427018
-221.858365,114,519.610854
-89.619419,167,521.339504
-50.127556,67,522.021126
-104.434318,77,522.800645
-78.247402,71,523.522694
-79.502083,121,524.774039
-37.14215,77,525.57825
-72.01559,74,526.340946
-79.371216,89,527.261784
-102.199395,68,527.957451
-99.962334,99,528.976483
-52.887365,173,530.775904
-92.656553,123,532.029875
-102.959181,61,532.657804
-47.134534,81,533.497178
-85.050341,117,534.713467
-82.708642,134,536.099705
-126.93191,98,537.111865
-52.890867,78,537.915902
-48.919654,122,539.195871
-28.923874,126,540.504497
-183.602171,108,541.621513
-50.568018,70,542.349641
-54.832917,72,543.096711
-154.560451,86,544.002995
-96.750149,104,545.089233
-115.35586,111,546.23433
-48.038164,90,547.167863
-83.006068,135,548.575592
-38.21756,75,549.36593
-68.27912,108,550.487468
-188.973254,133,551.859641
-71.933125,131,553.208552
-64.658024,167,554.972569
-96.509264,65,555.645603
-92.632186,153,557.229257
-200.76633,126,558.552435
-56.143115,114,559.746067
-194.565166,147,561.260595
-85.874885,78,562.061695
-108.720576,109,563.21947
-84.647893,116,564.444968
-95.711074,121,565.702379
-24.095988,90,566.642127
-59.214604,69,567.367572
-163.79102,85,568.269622
-92.561159,128,569.612537
-73.746051,85,570.492372
-53.518,118,571.720981
-115.907941,108,572.850835
-64.425232,123,574.171201
-88.954783,165,575.908586
-116.355835,64,576.577205
-120.9696,67,577.290125
-74.664827,145,578.862195
-14.619459,167,580.635938
-99.112032,111,581.813742
-57.316496,68,582.537139
-124.101541,135,583.988147
-150.351204,140,585.477328
-78.701758,72,586.251043
-23.168783,120,587.543191
-73.979268,94,588.55687
-61.275602,87,589.483496
-68.422757,148,591.062417
-75.381147,130,592.457324
-17.73155,84,593.356745
-59.959063,137,594.819088
-168.180864,126,596.169003
-65.966836,77,596.996996
-110.723974,119,598.283731
-115.268299,90,599.246215
-56.725996,97,600.278237
-108.487201,111,601.464445
-71.48607,88,602.430787
-91.145694,117,603.68201
-103.368913,97,604.729758
-183.479713,116,605.97867
-99.005577,69,606.719833
-51.940177,82,607.623075
-73.812625,114,608.849682
-177.207486,123,610.170378
-37.57022,159,611.904634
-89.972936,65,612.614721
-30.818426,159,614.324049
-124.356068,103,615.43709
-111.702193,130,616.843836
3.138386,113,618.073192
-104.396313,134,619.511989
-140.200746,125,620.849565
-15.426253,175,622.757017
-56.138404,106,623.891639
-181.643121,135,625.347042
-108.706041,109,626.534528
-94.754192,111,627.738157
-90.507365,114,628.960436
-114.850441,89,629.915161
-110.411326,129,631.319491
-90.844885,111,632.521683
-83.472355,71,633.291703
-74.192314,117,634.562535
-71.712694,129,635.9527
-78.688596,68,636.705456
-52.44278,106,637.844462
-57.734208,80,638.715684
-128.821439,95,639.737604
-81.914041,111,640.972167
-58.153285,87,641.935617
22.924005,127,643.308516
-47.722801,96,644.3436
-99.449108,167,646.178282
-175.004416,127,647.575302
-117.049438,75,648.383579
-69.657313,94,649.402347
-67.852835,120,650.738958
-67.302524,90,651.741354
-103.330096,85,652.666713
-76.503508,70,653.421064
-168.798901,93,654.422707
-67.302726,112,655.641808
-75.178137,115,656.907232
-105.460709,104,658.030525
-111.023738,128,659.415244
-45.957967,143,660.994392
-73.166365,69,661.741807
-72.610276,98,662.801131
-111.653427,141,664.327128
-119.203201,171,666.215414
-94.289539,133,667.660367
62.893333,1000,678.58824
-60.303022,119,679.877551
-67.110051,68,680.632751
-89.913246,70,681.388743
-66.675425,99,682.459002
-111.238808,97,683.506767
-77.445117,126,684.895734
-36.007059,141,686.433614
-69.799391,137,687.921594
-85.639729,120,689.236799
-170.238671,119,690.603356
-355.773643,124,691.944453
-170.694907,118,693.229834
-82.327535,78,694.086456
-44.666807,87,695.043753
-77.669862,168,696.87002
-107.627332,113,698.086998
-147.202149,84,698.996628
-65.148216,87,699.966855
-79.255162,68,700.712415
-81.440588,85,701.634401
-144.333662,86,702.560642
-57.434597,76,703.387065
-103.367399,94,704.415045
-53.880793,101,705.532936
-13.023501,178,707.464784
-37.409872,122,708.785055
-66.161919,77,709.643382
-74.14117,74,710.461363
-85.912952,75,711.266955
-52.985135,138,712.749646
-115.219717,72,713.530402
-115.656889,170,715.406219
-51.871867,72,716.186653
-213.757938,129,717.582613
-87.534154,163,719.361117
-122.729732,96,720.40194
-62.375111,118,721.668635
-62.512163,150,723.289855
-39.158021,161,725.05185
-11.637846,137,726.532134
-147.855497,129,727.920248
-163.395222,129,729.329509
-54.893366,130,730.730835
-46.014041,123,732.066693
-27.58445,130,733.472615
-60.176283,137,734.978535
-82.557662,79,735.833187
-116.94443,112,737.051203
-43.749554,142,738.591511
-230.052478,155,740.277746
-132.104084,98,741.330034
-112.427466,97,742.375472
-45.976958,80,743.238131
-62.156072,140,744.785659
-105.54742,105,745.919054
-105.335083,99,746.988227
-65.779642,95,748.012769
-57.036185,123,749.361236
-226.527645,129,750.757179
-67.639815,129,752.154008
-88.509281,73,752.945917
-47.16858,73,753.768303
-47.439986,142,755.305183
-25.884665,154,756.976953
-62.984715,147,758.583332
-167.764084,152,760.225321
3.691029,76,761.06065
-77.583414,64,761.747862
-46.687526,94,762.759868
-66.252263,98,763.839703
-106.147466,133,765.27786
-76.421773,115,766.511539
-216.396434,140,768.03888
-232.526436,206,770.316275
-32.845654,121,771.641898
-103.54703,126,773.060544
-193.863871,118,774.354908
-8.158299,142,775.905575
-86.902292,118,777.231433
-74.68623,81,778.126835
-45.188444,139,779.652051
-116.971404,135,781.16952
-63.514183,71,781.947423
-69.743968,137,783.445019
-119.745981,135,784.912767
-61.753294,162,786.73161
-105.661919,106,787.891563
-66.128041,80,788.775132
-77.849906,87,789.759182
-75.429441,70,790.529239
-66.160699,78,791.384984
-94.852661,118,792.669723
-85.696104,76,793.497252
-26.174294,168,795.381194
-32.235648,96,796.424115
-62.709495,84,797.330635
28.020037,129,798.756208
-105.150814,126,800.128946
-79.629059,133,801.543819
-136.444888,98,802.591567
-75.883571,133,804.040768
-65.029185,137,805.510198
-238.279666,123,806.84444
-83.792333,85,807.750649
-227.930077,104,808.897702
-76.814477,73,809.680035
-37.223515,132,811.147433
-10.90629,91,812.122291
-103.192582,80,812.975425
-199.511554,129,814.405447
-44.690749,102,815.501445
-108.881407,166,817.293304
-163.265809,179,819.277748
-173.618368,71,820.035187
-64.806728,86,820.955876
-233.596168,138,822.428371
-89.005845,115,823.699539
-55.572183,102,824.798835
-100.440808,109,825.968159
-201.558971,116,827.215913
-142.184043,154,828.897883
-96.456528,114,830.128015
-87.215019,109,831.300309
-177.72355,167,833.124765
-190.808994,96,834.160606
-21.776387,75,834.979468
-82.805116,74,835.778706
-88.474761,77,836.6101
12.05106,127,838.014298
-42.694287,112,839.224332
-160.160384,105,840.353919
104.153578,1000,851.19187
-68.780711,159,852.939576
-95.724067,152,854.580151
-59.23202,133,856.025487
-15.340568,92,857.008836
-75.85674,81,857.891626
-98.204146,127,859.258674
-11.259765,108,860.429144
-80.499021,97,861.475942
-76.765796,129,862.925619
-92.456109,105,864.078299
-58.953192,166,865.889578
-49.231866,148,867.548143
-52.719446,152,869.235296
-78.081611,141,870.796263
-23.848981,130,872.257655
-156.134038,158,873.995962
-134.171964,140,875.559944
91.303857,1000,886.500763
-114.232888,114,887.739949
-195.353254,154,889.409735
-78.373915,80,890.312241
-177.690935,91,891.299138
-34.929512,116,892.560932
-98.557195,172,894.42879
-87.568723,139,895.966768
-50.35253,97,897.015876
-186.48625,146,898.59611
-60.141627,77,899.433151
-11.311714,115,900.693271
-81.251025,147,902.286123
-38.648651,99,903.364716
-252.531447,160,905.129725
1.170358,103,906.241193
-102.163059,108,907.407257
-75.697111,58,908.035594
-37.214415,150,909.678072
-82.157194,185,911.687308
9.134059,105,912.831662
-63.698201,99,913.90819
-42.153352,146,915.514377
-59.09814,127,916.896785
-90.732819,183,918.890046
-76.413963,78,919.749392
-30.191502,152,921.390033
12.656681,167,923.194378
-40.516116,78,924.064145
-86.438616,134,925.523693
-32.331351,80,926.398309
-49.572432,140,927.913204
-43.02711,96,928.97899
-89.670858,134,930.444797
-141.555298,124,931.792569
-68.594983,185,933.82812
-66.169457,119,935.124435
-72.874185,122,936.449144
-71.015184,90,937.424823
-174.412725,125,938.804358
-63.104708,107,939.957383
-87.626623,119,941.252945
-42.216793,116,942.508485
34.290964,163,944.308608
-64.757498,160,946.049518
-89.412523,140,947.571849
-74.290859,125,948.959599
-104.752998,88,949.903921
-37.318429,215,952.232136
-31.944086,133,953.691498
50.807042,1000,964.53724
-24.265678,91,965.519928
22.038439,136,966.990076
-38.022516,165,968.796898
-62.980608,173,970.673022
-76.397846,228,973.166819
-180.532963,138,974.660491
-154.952633,125,976.016633
-88.775169,115,977.267497
-86.303793,91,978.27019
-81.059251,121,979.583196
-29.033342,139,981.091994
-37.095886,147,982.699591
-93.724225,92,983.700005
-98.312903,140,985.215918
-259.609563,100,986.303103
-230.927957,118,987.600094
-48.801783,116,988.874499
-49.892653,139,990.393184
-118.750773,121,991.695858
-57.295088,69,992.456609
-57.657557,152,994.118536
-69.860363,121,995.449301
-56.564623,202,997.668497
2.055742,146,999.251122
-184.524451,203,1001.45725
-23.241202,138,1002.987321
-58.183844,159,1004.738067
-92.953181,155,1006.445064
-81.515747,179,1008.440652
-66.833031,125,1009.811898
-51.12524,172,1011.703656
-58.914853,70,1012.503808
-122.486461,134,1013.978205
46.155975,108,1015.153355
-69.65222,161,1016.923778
-101.223538,135,1018.408427
-28.853174,147,1020.019307
-66.732647,161,1021.787223
12.359083,144,1023.365298
-45.048489,134,1024.829042
-42.945991,239,1027.457597
-104.053877,147,1029.055749
-55.780721,137,1030.544975
-85.776027,122,1031.915639
-67.254312,133,1033.386026
-64.946886,77,1034.230303
-89.562031,202,1036.441056
-29.460573,81,1037.339365
-96.371562,155,1039.041496
-30.844901,70,1039.811601
-39.295427,153,1041.497991
-34.605383,135,1042.990593
-35.940891,170,1044.846356
-37.255448,100,1045.941308
-71.048136,110,1047.17971
-94.832722,108,1048.363272
-33.787995,174,1050.273825
-19.864134,149,1051.91919
36.611126,156,1053.631484
-68.463042,197,1055.793655
-175.471761,139,1057.346208
-43.134919,173,1059.239403
-86.744751,82,1060.135291
-50.14416,134,1061.622069
-129.750456,122,1062.955936
-79.5847,104,1064.105126
-62.923787,160,1065.875085
20.204559,107,1067.055154
-23.998556,185,1069.092566
-318.945614,128,1070.502292
-40.330749,153,1072.188351
-57.953921,89,1073.164213
-37.743084,131,1074.605963
-72.543429,124,1076.000747
-213.387088,173,1077.904749
-46.039981,88,1078.868799
-153.828792,198,1081.066808
-201.74336,139,1082.598215
-60.653948,91,1083.596859
-67.243933,90,1084.589581
6.90779,94,1085.646079
-24.017272,125,1087.019635
-31.542393,202,1089.238581
-35.782616,141,1090.802231
-7.836392,150,1092.440472
-42.136844,157,1094.175583
-50.18008,162,1095.9792
-48.259699,152,1097.638423
-22.6665,98,1098.714858
-258.223799,185,1100.76594
14.727643,187,1102.830244
-31.09533,174,1104.778349
-6.377251,156,1106.568866
-26.528769,221,1109.044127
-96.693832,114,1110.33488
-48.860178,118,1111.649684
7.434986,208,1113.975215
-40.346176,134,1115.472075
3.050834,168,1117.309804
-51.77239,109,1118.510632
-68.46876,163,1120.308487
-92.878689,121,1121.629302
-32.123849,84,1122.552524
-53.707378,88,1123.51594
-123.058732,112,1124.770336
-40.888881,89,1125.752575
-62.206649,141,1127.283214
9.127749,142,1128.841446
-16.810419,137,1130.349511
-12.025728,156,1132.036032
-53.241183,72,1132.806743
28.552885,195,1134.963415
-34.636863,106,1136.119019
-83.797829,115,1137.369364
-15.614035,146,1138.967538
-62.790819,76,1139.789496
-54.807935,124,1141.130336
-60.705866,1000,1152.029701
-58.931469,103,1153.155569
-73.482307,98,1154.228755
9.44927,228,1156.723317
-28.931718,163,1158.510767
-336.737914,170,1160.372855
-48.526341,169,1162.220404
-102.75144,189,1164.279651
-68.365592,110,1165.476265
-46.380189,131,1166.911481
14.883629,115,1168.177862
-20.206379,90,1169.164581
-53.243803,122,1170.498189
-7.744317,117,1171.778426
27.073794,129,1173.176099
-39.513728,208,1175.449509
-60.125108,156,1177.16316
-25.759516,140,1178.700822
-63.51757,81,1179.595064
-83.165687,131,1181.041173
-41.980852,133,1182.493174
-5.20364,117,1183.789302
-29.763985,163,1185.576996
-43.682603,175,1187.50586
-52.676401,79,1188.374213
-87.906759,202,1190.627656
146.275812,1000,1201.725333
-314.239084,230,1204.28119
-101.50696,160,1206.040181
-120.450626,105,1207.208036
39.760632,110,1208.43378
-48.539993,126,1209.840702
-20.688359,124,1211.219998
-29.715719,143,1212.84098
-38.965043,144,1214.46254
-30.100575,152,1216.169185
-103.549129,163,1218.009775
-86.828456,254,1220.877446
-78.667,195,1223.063754
-10.463443,88,1224.046806
-31.699126,173,1225.99036
-90.438226,136,1227.516182
22.933936,190,1229.644548
-68.018406,136,1231.171335
-88.586455,201,1233.443093
-20.10944,99,1234.562248
0.018571,238,1237.235815
-7.957262,126,1238.646039
-18.543451,111,1239.898719
-76.979227,185,1241.978923
-56.351539,143,1243.577428
-40.986265,156,1245.32516
-31.179309,211,1247.69701
-87.457384,186,1249.775985
-80.446281,146,1251.417437
-89.992715,146,1253.057772
-84.58535,105,1254.226283
82.238369,1000,1265.401779
93.957443,1000,1276.616802
-57.587794,181,1278.631922
-20.153592,207,1280.940543
-44.062645,87,1281.913798
-235.08964,218,1284.347504
-18.426876,153,1286.068774
-49.3435,104,1287.220986
-85.618827,121,1288.558463
-39.638855,196,1290.751723
-44.205129,219,1293.196393
-58.703413,193,1295.366069
16.448961,142,1296.967748
-52.930773,160,1298.799224
-222.220534,231,1301.38686
-72.649884,67,1302.134705
-56.435623,135,1303.658759
-113.516774,135,1305.173047
-36.648329,189,1307.276024
-71.514273,133,1308.764389
26.325823,215,1311.18669
-98.337904,163,1313.018807
-57.822427,93,1314.061197
-57.992934,214,1316.451149
13.741765,97,1317.5325
-69.827534,194,1319.708835
149.376774,1000,1330.891063
-6.746898,264,1333.85599
15.076676,121,1335.213076
-64.21719,127,1336.624285
-22.311319,130,1338.095748
-59.28146,141,1339.66941
66.860823,1000,1350.877053
-145.890713,174,1352.81287
115.879208,1000,1363.921219
-13.07461,153,1365.618456
-48.157,107,1366.802047
64.319818,1000,1377.979437
-119.271665,121,1379.329796
110.829124,1000,1390.535267
-33.701061,295,1393.851638
-51.459245,123,1395.231055
13.641202,202,1397.500061
104.629208,1000,1408.713101
-103.266584,120,1410.058737
-9.631857,299,1413.415209
-37.892361,205,1415.741131
-44.546278,132,1417.225011
-48.033974,98,1418.336637
-55.928235,171,1420.243787
18.287811,190,1422.350795
-109.037717,66,1423.097167
-35.099193,173,1425.0241
-23.232424,418,1429.699884
-128.956173,406,1434.267905
-68.691625,138,1435.818053
-55.202845,120,1437.162565
-53.323287,166,1439.0271
-60.340412,233,1441.625933
-69.461679,232,1444.233681
-114.500076,183,1446.284279
-43.254394,146,1447.921812
126.307347,1000,1459.150916
-166.121616,172,1461.062347
16.225053,195,1463.234838
-36.05876,110,1464.463607
2.366242,123,1465.830377
-14.806154,109,1467.04298
-25.232011,274,1470.112069
13.604842,104,1471.269323
-58.34977,113,1472.539211
-61.857705,394,1476.92902
-18.282646,337,1480.667974
-138.101726,236,1483.289568
-59.006486,174,1485.242943
-85.014156,192,1487.383779
8.879344,134,1488.884521
11.64295,109,1490.101787
-151.085957,190,1492.222215
23.794004,177,1494.2011
-40.088996,296,1497.514333
-31.243761,316,1501.046487
131.044558,1000,1512.262223
-100.227928,123,1513.640031
-24.463084,194,1515.823375
-65.289791,150,1517.499625
-48.929497,292,1520.769923
17.176448,193,1522.931959
-9.205151,186,1525.014173
-21.439417,225,1527.529865
7.081823,186,1529.625043
-38.808609,242,1532.347363
-43.737793,201,1534.621909
119.883666,1000,1545.81838
3.286402,89,1546.811552
-8.712274,92,1547.847453
-41.437397,256,1550.724706
-207.430021,262,1553.659877
74.736792,1000,1564.869083
-22.613588,125,1566.266102
8.461067,122,1567.645613
-256.043314,250,1570.46645
-112.125737,131,1571.926249
-132.252123,429,1576.73028
122.348488,1000,1587.936727
-35.541798,248,1590.718626
-109.12575,124,1592.105174
-0.047449,151,1593.790635
-10.421535,122,1595.164099
64.93769,1000,1606.36048
-11.526434,136,1607.880091
72.361057,1000,1619.090095
100.416089,1000,1630.310553
-197.739834,165,1632.1746
58.009007,1000,1643.38472
-18.190858,254,1646.232347
51.734963,1000,1657.453429
22.821073,97,1658.541452
119.204095,1000,1669.77812
-281.109224,142,1671.359892
-25.127145,1000,1682.413918
13.964048,125,1683.804923
-10.877797,1000,1694.871318
7.592837,381,1699.080571
-11.127039,337,1702.80926
-36.474757,366,1706.849784
-17.373982,546,1712.948809
-267.079486,262,1715.860473
9.640648,277,1718.912001
78.242526,1000,1729.930863
-28.122358,219,1732.329991
79.179476,1000,1743.294646
-30.611349,234,1745.85376
-49.8353,241,1748.501849
6.760395,340,1752.249108
-55.095871,713,1760.128231
79.955345,1000,1771.188829
-32.332039,429,1775.924099
-171.26304,229,1778.449473
31.133888,156,1780.178823
-60.042735,227,1782.682643
-42.168528,183,1784.69156
-42.626177,437,1789.486229
-28.723133,1000,1800.541203
87.341355,1000,1811.572523
-138.472124,123,1812.924986
5.72713,1000,1823.898594
-164.168101,146,1825.515121
87.443337,1000,1836.527536
25.435288,1000,1847.50605
-59.209523,506,1853.08751
70.492522,1000,1864.151615
7.748182,193,1866.290958
-118.455711,638,1873.378633
32.986318,293,1876.613119
-139.276598,622,1883.501456
58.660822,1000,1894.644034
-211.165551,812,1903.658721
-68.047682,205,1905.923881
80.267584,1000,1917.020526
153.196589,1000,1927.984785
91.449879,1000,1938.987931
-5.426149,226,1941.47901
-21.672963,478,1946.781547
-251.814841,453,1951.800976
-47.592719,1000,1962.876036
0.646779,183,1964.896848
-79.647095,376,1969.047122
-128.693405,1000,1980.949851
8.274344,409,1985.786974
23.105178,1000,1997.67468
41.975885,1000,2009.242803
-23.724447,1000,2020.49264
45.249232,1000,2031.680989
-150.897776,1000,2042.835235
30.724101,188,2045.125226
13.612053,293,2048.825212
18.414219,267,2052.47622
-7.965636,296,2056.461395
-30.051516,230,2059.18992
-92.309095,121,2060.570543
-8.519967,241,2063.487436
-198.218978,219,2065.925043
-61.736001,1000,2077.09778
-366.16887,292,2080.351946
-0.066893,396,2084.760288
22.650609,390,2089.084662
-29.61896,568,2095.405409
-95.299403,1000,2106.526261
-133.703575,917,2116.71842
-101.426467,760,2125.138236
-2.51006,377,2129.309861
-39.38311,1000,2140.396934
46.850608,1000,2151.48538
104.164019,1000,2162.614258
-39.006305,346,2166.450013
-20.851027,1000,2177.594076
-28.941698,167,2179.451998
-68.8355,1000,2190.602915
-228.586707,725,2198.663374
155.600606,1000,2209.802204
40.632886,1000,2220.871156
70.794676,1000,2231.965698
-82.098338,396,2236.350341
-127.122386,1000,2247.481596
28.115564,1000,2258.615466
-330.54218,170,2260.512853
-36.106786,378,2264.727188
-96.08423,1000,2275.884455
2.084188,247,2278.640432
-129.905138,164,2280.468959
91.354819,1000,2291.629497
-77.837306,1000,2302.828886
-15.396322,1000,2314.016152
-45.388243,155,2315.761939
35.83587,1000,2326.954027
-188.046821,716,2334.961117
-152.371441,611,2341.774838
-91.376301,87,2342.74213
-14.946303,1000,2353.915792
-77.275263,1000,2365.073424
-28.364929,1000,2376.273885
142.760784,1000,2387.46861
-79.701969,1000,2398.636247
-146.228396,802,2407.609602
-54.309665,1000,2418.816185
-81.079135,1000,2430.018095
-54.571645,1000,2441.231852
-59.48974,1000,2452.491787
-73.955679,1000,2463.755232
-54.121284,1000,2475.009671
-71.675307,1000,2486.291901
-73.275395,1000,2497.536563
-53.390701,1000,2508.787229
-101.955491,1000,2520.058388
-92.6534,1000,2531.35114
-62.995167,1000,2542.639691
-48.200141,1000,2553.938578
65.891678,1000,2565.269963
-66.77531,1000,2576.520237
-75.186623,1000,2587.901031
-81.83465,1000,2599.210744
-34.050447,1000,2610.506747
-202.258225,166,2612.430755
-87.679167,1000,2623.697584
-97.789682,1000,2635.010557
-62.378349,259,2637.945951
-93.752759,1000,2649.118526
-53.716593,1000,2660.334664
-80.200992,1000,2671.556077
-120.123546,1000,2682.740154
-105.897455,1000,2693.95467
-114.120932,138,2695.506545
-91.833573,1000,2706.793104
-54.88883,1000,2718.100064
-71.265874,1000,2729.417031
-102.389001,1000,2740.716424
-68.473683,903,2751.015537
-34.914149,1000,2762.352081
-80.710942,1000,2773.71397
-63.093541,1000,2785.069354
-75.855403,1000,2796.498926
-57.204355,1000,2807.901107
-91.697161,1000,2819.286324
-61.926757,1000,2830.767864
-121.914296,905,2841.141576
-287.130998,237,2843.836695
-99.317039,1000,2855.213093
-144.791894,1000,2866.633377
-165.238242,448,2871.761388
-89.765724,1000,2883.105212
-113.455519,1000,2894.480922
177.400221,912,2904.806295
-81.181963,222,2907.324779
-38.747508,1000,2918.606266
-97.365164,1000,2929.904243
-141.474691,1000,2941.233155
-85.674208,1000,2952.558995
-75.003761,1000,2963.9159
-51.084819,1000,2975.279755
-84.730803,1000,2986.629045
-80.208737,1000,2997.969655
-101.720455,1000,3009.303163
-87.229385,1000,3020.621659
28.357354,1000,3031.948566
-78.309955,1000,3043.359288
-76.576451,1000,3054.797775
-33.962929,1000,3066.218444
-100.762806,1000,3077.642807
-168.074309,259,3080.602676
-78.811527,1000,3092.139236
-80.227247,1000,3103.726112
-66.615695,1000,3115.356602
-74.618842,1000,3126.96069
-216.725791,986,3138.355279
-56.665847,1000,3149.701249
-199.197754,908,3160.051168
-181.076931,113,3161.329665
-218.617307,184,3163.416926
87.233367,1000,3174.740836
-58.204593,1000,3186.109382
-595.052753,290,3189.40872
-92.41408,1000,3200.764899
-50.7049,1000,3212.07635
-127.307178,178,3214.10444
-116.76901,140,3215.716993
-32.425947,1000,3227.023322
-58.034116,1000,3238.342104
-43.789178,1000,3249.711889
-66.970526,1000,3261.15908
-25.947511,1000,3272.651202
-84.013057,1000,3284.135141
-78.974541,1000,3295.609943
-91.501839,1000,3307.059577
-27.83061,1000,3318.588463
-139.72345,794,3327.732119
-90.801107,1000,3339.2528
-63.372909,1000,3350.818714
-69.858676,1000,3362.627294
-44.197388,1000,3374.457844
-50.707384,1000,3386.247418
-70.937157,1000,3398.097555
-91.716647,1000,3409.962642
-69.214005,1000,3421.851465
-72.585287,1000,3433.722965
-64.830675,1000,3445.576728
-42.493349,1000,3457.487064
-104.754615,1000,3469.397301
-42.990441,1000,3481.330843
-81.702568,1000,3493.221286
-115.140863,1000,3505.19574
-35.8568,1000,3517.218263
-70.291758,1000,3529.30475
-80.03596,1000,3541.409904
-51.953558,1000,3553.532695
90.418817,1000,3565.400521
-138.579574,143,3567.087693
-303.270725,823,3576.754077
-451.268975,130,3578.276326
-89.193656,1000,3589.950796
-675.480484,933,3600.825768
-106.176631,1000,3612.477859
-63.523158,162,3614.360261
-49.190497,1000,3625.932479
-48.277016,1000,3637.576565
-53.742721,1000,3649.235787
-63.163631,1000,3660.870353
-540.755806,95,3661.977706
4.053832,1000,3673.61376
-117.274168,1000,3685.245668
-66.84097,1000,3696.881858
-34.010512,1000,3708.542754
-66.901406,1000,3720.217535
-178.788646,220,3722.787407
-66.956843,1000,3734.420416
-31.262127,1000,3746.047588
-43.953556,1000,3757.709126
-83.439702,1000,3769.429765
-30.809621,1000,3781.152869
-45.317789,1000,3792.719393
-156.319487,514,3798.679999
-271.080327,240,3801.490514
-20.785057,1000,3813.093839
-212.477492,307,3816.697287
-59.344895,1000,3828.260038
-42.971107,1000,3839.855846
-84.472498,1000,3851.473412
-126.372697,1000,3863.238115
-125.629654,262,3866.281946
-81.91484,1000,3877.752824
-121.963602,1000,3889.288303
-60.457519,1000,3900.795272
-49.143423,1000,3912.322226
-105.359583,1000,3923.924723
-208.950533,256,3926.874947
-88.664554,798,3936.014008
-61.002942,1000,3947.385904
-68.071444,1000,3958.829852
-93.212267,1000,3970.296088
-105.771915,1000,3981.835876
-86.218282,1000,3993.36689
-21.091106,1000,4004.922358
-67.39605,137,4006.514329
-66.219934,1000,4017.948892
-275.417953,192,4020.136149
-127.272135,1000,4031.666554
-15.185743,288,4034.99505
-51.869315,1000,4046.560284
-64.600297,1000,4058.027732
-53.218163,1000,4069.503999
-20.512334,1000,4081.03318
-498.905677,195,4083.287476
-76.983135,1000,4094.873231
-111.378493,1000,4106.418973
-69.482803,1000,4117.976706
-78.249804,1000,4129.573792
-82.319175,1000,4141.136464
-77.934406,1000,4152.801812
-190.109843,669,4160.691671
-230.894662,325,4164.49831
-466.96183,456,4169.843398
-125.99881,1000,4181.518137
-41.784882,1000,4193.282604
-232.476297,745,4202.011983
-18.463095,1000,4213.761921
-188.68451,964,4225.144945
-45.446387,1000,4236.948548
-91.502107,1000,4248.753629
-75.529347,232,4251.501777
-144.532905,641,4259.018322
-115.286403,519,4265.100887
-78.829124,1000,4276.841119
-108.78367,1000,4288.593398
-50.680979,1000,4300.404051
-78.066076,271,4303.597719
-105.095829,1000,4315.286842
-172.317408,668,4323.099129
-207.91949,730,4331.682456
-74.957305,1000,4343.457674
-54.669422,1000,4355.279054
-108.160864,1000,4367.200863
-26.758176,1000,4379.180742
-103.238285,1000,4391.042043
-57.5925,1000,4402.899585
-83.588935,1000,4414.939226
-72.655089,1000,4426.963159
-77.03431,1000,4438.965029
-107.807421,232,4441.751425
-72.888257,1000,4453.826598
-55.987712,1000,4465.969646
-56.325124,1000,4478.071278
-453.145424,185,4480.293957
-105.139474,1000,4492.231208
-93.30569,1000,4504.291831
207.214715,833,4514.293545
-79.668193,1000,4526.173975
-97.386466,1000,4538.120118
-146.218348,504,4544.151886
-39.916063,1000,4556.025847
-141.145302,184,4558.211351
163.291895,917,4569.050045
-67.81157,1000,4580.750115
-104.502845,1000,4592.480704
-53.52414,1000,4604.25897
-73.108469,1000,4616.000706
-7.766864,1000,4627.782563
-73.956211,1000,4639.580209
-111.516223,1000,4651.370022
-107.138926,1000,4663.18149
-87.244534,1000,4675.066067
-45.699521,1000,4686.931298
-621.98305,113,4688.267643
-22.137397,1000,4700.068127
-62.807808,1000,4711.889846
-75.6544,1000,4723.732641
-69.802137,1000,4735.655313
-37.375063,1000,4747.59342
-255.039805,115,4748.975767
-60.77609,1000,4761.105362
-75.038558,1000,4773.376176
-200.605,87,4774.436271
-66.060483,1000,4786.467383
-69.396644,1000,4798.397686
-23.34726,1000,4810.366508
-67.516708,1000,4822.368762
-27.506321,1000,4834.255817
-94.778756,1000,4846.139718
150.472625,819,4855.85911
-52.472207,1000,4867.675699
-77.688585,1000,4879.444736
-3.52978,1000,4891.262396
-56.124742,1000,4903.135411
-33.028094,1000,4914.928545
-1461.234025,381,4919.391837
-241.38331,1000,4931.054047
-192.37883,59,4931.745037
-131.693135,1000,4943.479707
-126.317498,1000,4955.166987
-2.954819,1000,4966.883951
-32.6615,1000,4978.613151
-71.902492,1000,4990.409552
-55.377589,1000,5002.195143
-53.260801,1000,5013.898292
-83.210992,1000,5025.664309
-182.569817,894,5036.244872
-214.475779,60,5036.958138
-131.344873,75,5037.837892
-57.171275,1000,5049.571251
-43.618875,1000,5061.380242
-34.718504,1000,5073.154304
-114.24737,190,5075.396565
-21.501651,1000,5087.191256
-41.934718,1000,5098.932654
-56.713557,1000,5110.685276
-109.310602,1000,5122.520334
-85.906646,1000,5134.374743
-213.190642,1000,5146.224816
-48.013249,1000,5158.052601
-29.043644,1000,5169.869227
-45.08879,1000,5181.710223
-52.367559,1000,5193.548633
-115.320553,1000,5205.34263
-49.443844,551,5211.856551
-57.811348,1000,5223.656536
-70.154532,1000,5235.485275
-66.540843,586,5242.441668
-38.102776,1000,5254.243751
-35.301144,1000,5265.985225
-61.794176,1000,5277.768039
-96.578573,1000,5289.635115
-356.1878,449,5294.96093
-109.177574,1000,5306.72064
-14.854255,1000,5318.531783
-64.63412,1000,5330.294622
-77.407922,1000,5342.13633
-20.208521,1000,5354.008527
-80.054041,1000,5365.897317
-50.382007,1000,5377.768196
-372.590995,138,5379.42503
-78.30197,1000,5391.24224
-2.786805,1000,5403.144914
84.738808,1000,5414.996689
2.881668,1000,5426.752311
-143.886578,1000,5438.552007
-64.930766,1000,5450.339047
71.197637,201,5452.706559
-60.886215,1000,5464.503579
-76.710016,1000,5476.324795
-111.471989,1000,5488.142661
-83.329506,1000,5499.95942
-84.918771,1000,5511.854678
-21.430673,1000,5523.714257
-18.565064,1000,5535.524473
-45.982605,1000,5547.321422
-113.279263,1000,5559.125811
-29.866268,1000,5570.896533
-35.659802,1000,5582.684507
-77.914043,1000,5594.542443
-37.481859,1000,5606.466216
2.548446,111,5607.790339
-60.712986,1000,5619.869385
